scope,table,key,bin_order,actual_mass,iid_mass,delta,ratio,abs_delta,L1_share
late_growth|deep_32_63|even,bin_mass,32-63,5,0.25895869145416994,0.3156285934680087,-0.05666990201383876,0.8204538397767733,0.05666990201383876,0.4140114608645452
late_growth|deep_32_63|odd,bin_mass,16-31,4,0.12867941392054327,0.12435703756621054,0.004322376354332733,1.0347577944837372,0.004322376354332733,0.2574834780049246
late_growth|exhaustion_0_31|odd,bin_mass,16-31,4,0.4019291491514306,0.38406557094107135,0.01786357821035922,1.046511792677975,0.01786357821035922,0.4413309807988858
